{
  "reais": 0.0,
  "btc": 318400.72341202,
  "eth": 15307.577372,
  "xrp": 2.977071552
}